luxury,708
insurance,437
amp,393
budget,383
housing,161
tax,156
gst,151
income,143
personal,138
social,138
taxes,138
local,136
28,135
43,134
dozen,134
combined,133
july2019,133
life,133
health,119
india,96
policy,85
dear,77
years,77
year,69
task,67
today,63
pasta,61
party,55
team,55
people,52
winning,52
book,51
items,51
house,50
rashmi,50
ki,49
details,48
rs,46
medical,45
school,44
government,42
ke,42
sid,41
vishal,40
free,39
bank,38
lakh,38
50,36
cococure,36
kidney,36
coco,35
cover,35
donated,35
aunt,34
mom,34
saving,34
sidharth,34
education,33
effectively,33
incredible,33
mo,33
time,33
mein,32
month,32
night,32
space,32
star,32
market,31
rent,31
cure,30
learn,30
news,30
police,30
treatment,30
understand,30
celebration,29
govt,29
number,29
office,29
paying,29
shukla,29
young,29
yrs,29
202031,28
campingto,28
company,28
day,28
tent,28
twitter,28
whp,28
1night,27
98200937821500,27
concern,27
newage,27
10,26
36,26
buy,26
denmark,26
experience,26
indians,26
money,26
months,26
shocked,26
swedenas,26
companies,25
ho,25
inform,25
journalis,25
rooms,25
12,24
hand,24
regret,24
returning,24
addressed,23
caused,23
country,23
delhi,23
inconvenience,23
occupies,23
private,23
pushed,23
rationsbut,23
solve,23
work,23
boss,22
business,22
card,22
group,22
injury,22
mos,22
ppl,22
services,22
bigg,21
cabinet,21
customer,21
dm,21
request,21
transport,21
affordable,20
decision,20
ek,20
investment,20
leaders,20
loan,20
rank,20
se,20
train,20
true,20
women,20
201718,19
captain,19
expenses,19
healthcare,19
hous,19
industries,19
live,19
previous,19
products,19
pwd,19
real,19
sena,19
shiv,19
somethingamp,19
villas,19
ye,19
ac,18
asked,18
charging,18
eating,18
general,18
hum,18
industry,18
living,18
plan,18
planning,18
policies,18
teaches,18
badly,17
banks,17
bhk,17
community,17
good,17
idio,17
latest,17
pool,17
rules,17
visit,17
2019,16
biggboss,16
car,16
contact,16
intentionally,16
join,16
matter,16
metro,16
piece,16
service,16
stole,16
15,15
bb,15
bullet,15
case,15
chori,15
cost,15
frank,15
growth,15
heard,15
injured,15
onefifth,15
open,15
outofpocket,15
scheme,15
seat,15
set,15
small,15
tech,15
term,15
thousands,15
wow,15
20,14
3bh,14
9820093782weekend16000,14
accounts,14
analytics,14
angloindians,14
answ,14
babu,14
bcoz,14
blamed,14
brand,14
bu,14
bungalow,14
calwhp,14
extracted,14
ghar,14
global,14
great,14
hurting,14
individual,14
issue,14
jaano,14
keemat,14
kya,14
lonavala,14
long,14
malavli,14
nehru,14
parliament,14
plans,14
projects,14
promise,14
puri,14
ramesh,14
reservation,14
tum,14
uk,14
urban,14
violence,14
water,14
weekday9000for,14
youve,14
2020,13
angry,13
answer,13
asim,13
aur,13
bajaj,13
built,13
called,13
claim,13
combine,13
finance,13
fits,13
himselfand,13
hurt,13
lot,13
material,13
officer,13
product,13
project,13
sector,13
security,13
smaller,13
smart,13
stand,13
suffer,13
taskand,13
55,12
angloindian,12
apple,12
choose,12
city,12
claims,12
coffee,12
communities,12
cut,12
cuts,12
devo,12
employees,12
exposed,12
feel,12
grievances,12
hai,12
investing,12
lic,12
location,12
making,12
nhi,12
online,12
perfect,12
poorest,12
provide,12
return,12
share,12
sir,12
start,12
stolen,12
victim,12
winner,12
apartments,11
areas,11
article,11
benefits,11
big,11
cars,11
days,11
doesnt,11
family,11
farmers,11
flats,11
funds,11
girls,11
hold,11
hotel,11
item,11
ko,11
noida,11
poor,11
poverty,11
premium,11
premiums,11
property,11
rate,11
steal,11
stealing,11
updates,11
week,11
aasim,10
agr,10
baat,10
bashed,10
bhi,10
bruh,10
captaincywhen,10
check,10
chill,10
chipsbb,10
choices,10
class,10
common,10
corporate,10
cr,10
daily,10
donate,10
emi,10
estate,10
event,10
fleet,10
food,10
hdfc,10
head,10
houses,10
increased,10
insuranceme,10
itbut,10
jaguar,10
kar,10
launch,10
media,10
minister,10
national,10
phele,10
pledge,10
post,10
public,10
punished,10
pure,10
ration,10
remember,10
residential,10
returned,10
sath,10
sidharths,10
snatched,10
suffering,10
taskhe,10
technology,10
vishalaapne,10
wanted,10
won,10
13,9
201112,9
apply,9
balance,9
booking,9
covers,9
danger,9
data,9
dharavi,9
drove,9
fingers,9
gain,9
garden,9
have1,9
heart,9
honest,9
housemates,9
impact,9
indiabulls,9
info,9
initiative,9
launched,9
le,9
leave,9
loans,9
located,9
manager,9
maritime,9
onions,9
paid,9
pune,9
repeated,9
reply,9
risk,9
save,9
sharing,9
sids,9
society,9
started,9
support,9
switch,9
traveling,9
vinayak,9
win,9
working,9
worst,9
12months,8
23,8
abt,8
agar,8
allianz,8
aluminium,8
amazing,8
app,8
attaches,8
auto,8
automation,8
avenue,8
bad,8
benefit,8
biggest,8
blood,8
bragged,8
bring,8
bus,8
celebrating,8
corpus,8
costs,8
crore,8
culprits,8
cyber,8
development,8
digital,8
dnt,8
emergency,8
encounters,8
enjoy,8
ensure,8
episode,8
fact,8
families,8
form,8
fund,8
gurgaon,8
guys,8
hard,8
hms,8
indias,8
ji,8
ka,8
killed,8
kisi,8
learning,8
luxur,8
model,8
mumbai,8
nahi,8
pmla,8
preexistin,8
published,8
received,8
sale,8
stay,8
stupid,8
success,8
sym,8
talking,8
targeting,8
teams,8
times,8
todays,8
tune,8
ultimate,8
ve,8
waistbut,8
watch,8
worth,8
701,7
agree,7
ai,7
alumnus,7
anand,7
anger,7
ate,7
bharat,7
brands,7
care,7
ceo,7
contest,7
corridor,7
customers,7
designed,7
dewan,7
dhfl,7
dream,7
driving,7
escort,7
essential,7
expressway,7
face,7
fight,7
fighting,7
fo,7
foundation,7
fresh,7
future,7
gr,7
growing,7
high,7
higher,7
homes,7
hosamani,7
improved,7
indian,7
infra,7
injuries,7
intelligence,7
joining,7
justice,7
limit,7
lost,7
machine,7
middle,7
mumbainagpur,7
mutual,7
ne,7
opportunity,7
pay,7
pending,7
period,7
physical,7
played,7
plays,7
pleasant,7
pr,7
problem,7
quality,7
rajasthan,7
rbi,7
responsibility,7
revenue,7
samruddhi,7
schemes,7
selling,7
senior,7
showing,7
siddharth,7
ssrvm,7
startup,7
super,7
survey,7
tata,7
thi,7
told,7
tonight,7
trust,7
tweeted,7
ways,7
01244819977web,6
1030,6
1st,6
2014,6
201617,6
2017,6
25,6
aap,6
aarti,6
address,6
agent,6
alwayscall,6
analyse,6
ans,6
automobili,6
aware,6
build,6
building,6
cares,6
cheapest,6
cities,6
cofounder,6
comfort,6
comm,6
commercial,6
complete,6
control,6
covered,6
created,6
deliberately,6
deposits,6
didnthe,6
enable,6
facing,6
fault,6
financial,6
fir,6
floor,6
fun,6
game,6
garamdont,6
govts,6
grow,6
happy,6
harassing,6
hone,6
huge,6
huistill,6
hundreds,6
insights,6
insulting,6
interesting,6
interview,6
invest,6
isk,6
karma,6
land,6
leading,6
london,6
love,6
maamla,6
madam,6
mahirayet,6
major,6
mantri,6
mention,6
military,6
mobilitywatch,6
motor,6
needed,6
newsampsocial,6
offer,6
offers,6
official,6
othe,6
paras,6
parashe,6
pension,6
peoples,6
permission,6
petrol,6
phir,6
pininfarina,6
piped,6
pmanytime,6
possibility,6
pradhan,6
problems,6
purchase,6
rahe,6
reason,6
recount,6
religion,6
representative,6
required,6
resolution,6
rewriting,6
rural,6
secure,6
sidharthhe,6
simple,6
singapore,6
spread,6
style,6
suited,6
surprised,6
taglines,6
talk,6
tha,6
wait,6
wake,6
wala,6
wealth,6
west,6
works,6
31,5
453,5
4x,5
access,5
accident,5
add,5
affairs,5
airports,5
alarms,5
anymoreshe,5
aquarium,5
art,5
ashish,5
awareness,5
awas,5
ayushman,5
beautiful,5
bhakts,5
biased,5
black,5
bn,5
board,5
boats,5
builder,5
buying,5
capital,5
chai,5
citizen,5
clinicsfree,5
collection,5
committed,5
completed,5
completely,5
consulting,5
contactpolicy,5
coverage,5
cow,5
credit,5
crop,5
decades,5
delivery,5
docs,5
economic,5
economy,5
election,5
electricityfree,5
etrealty,5
evict,5
ext,5
facilities,5
faith,5
farming,5
fever,5
flight,5
forays,5
forecast,5
forest,5
forfeited,5
forgot,5
fraud,5
funding,5
gaya,5
glad,5
haihe,5
hain,5
hear,5
hon,5
hyderabad,5
idex,5
indiain,5
insurances,5
insure,5
insurtech,5
irdai,5
jeete,5
job,5
jobs,5
legacyinsgrp1,5
log,5
lokpal,5
losses,5
mac,5
main,5
management,5
max,5
mira,5
modi,5
mohalla,5
morning,5
multilevel,5
mumbaipropertyexchange,5
mumbais,5
muzaffarpur,5
ola,5
panel,5
park,5
picture,5
pm,5
pmay,5
point,5
position,5
prabhudesai,5
prestigious,5
price,5
prices,5
protect,5
protection,5
puravankara,5
push,5
refuse,5
rentin,5
require,5
ridesfre,5
road,5
room,5
safety,5
sales,5
sandpaper,5
sbi,5
searched,5
selfish,5
shefali,5
shehnaaz,5
shri,5
sidhah,5
skipping,5
sleepafter,5
smirk,5
song,5
sq,5
standard,5
stimulus,5
stock,5
stocks,5
stomach,5
students,5
surplus,5
tea,5
tomorrow,5
totalling,5
touch,5
trade,5
traffic,5
travel,5
universal,5
unreal,5
vision,5
voting,5
wakeup,5
wedding,5
yeah,5
yojana,5
zone,5
014,4
04pps,4
100,4
129,4
16,4
2nd,4
370,4
40,4
4th,4
5th,4
60,4
80,4
89,4
aata,4
absolutely,4
activeno,4
admitted,4
affect,4
agencies,4
agents,4
agony,4
agro2o,4
aircraft,4
amenities,4
ap,4
apartment,4
apr,4
asemyou,4
attack,4
automated,4
baby,4
bag,4
banking,4
banti,4
base,4
bash,4
basic,4
beach,4
bf,4
biggbossshe,4
blind,4
blog,4
boycott,4
brahma,4
brutalize,4
btwn,4
budge,4
budgetno,4
builders,4
busy,4
caf,4
captures,4
carbonfree,4
cards,4
centre,4
chamcha,4
charge,4
cheated,4
chief,4
chiropractor,4
chor,4
clear,4
complaining,4
computers,4
consumption,4
continue,4
cool,4
corporation,4
correct,4
cotton,4
crime,4
crocodile,4
daytoday,4
december,4
demand,4
design,4
develop,4
developers,4
device,4
difference,4
disability,4
doctor,4
earn,4
earning,4
easy,4
eat,4
election7,4
eligible,4
enrolled,4
enrollment,4
entitled,4
eon,4
excellence,4
excellent,4
exemplify,4
expenditure,4
experts,4
extra,4
fall,4
fans,4
fastest,4
favored,4
favoritism,4
feet,4
fm,4
follow,4
fr,4
friend,4
green,4
grew,4
gujarat,4
guy,4
habitat,4
happening,4
hardeep,4
haters,4
healthcar,4
herbs,4
hindi,4
hope,4
hot,4
hour,4
ill,4
inadequate,4
inbox,4
including,4
incubatee,4
ind,4
indi,4
inferno,4
insight,4
insuranc,4
insurancebased,4
investments,4
involved,4
iphones,4
irda,4
itemssidharth,4
jet,4
kering,4
large,4
late,4
law,4
lead,4
led,4
lenawarna,4
list,4
lives,4
looked,4
losers,4
losing,4
lucknow,4
luxe,4
luxu,4
mahul,4
mam,4
man,4
marketing,4
md,4
measures,4
member,4
mi,4
mind,4
minorities6,4
misselling,4
monthly,4
ms,4
nature,4
nearest,4
neck,4
onion,4
opted,4
organ,4
ou,4
outlet,4
outlets,4
panchshil,4
pathetic,4
patients,4
place,4
plugandplay,4
policycontact,4
power,4
pradeep,4
prime,4
processed,4
profit,4
proposes,4
pursue,4
read,4
realty,4
recovering,4
refused,4
remained,4
response,4
responsible,4
revealed,4
review,4
rich,4
richest,4
rights,4
role,4
rule,4
season,4
seized,4
session,4
shaking,4
singh,4
sirplease,4
site,4
son,4
speaker,4
special,4
spidey,4
sponsored,4
spring,4
starting,4
starving,4
stores,4
strategy,4
stratorob,4
strong,4
supply,4
tap,4
taskgharwalo,4
taskits,4
teamwowwhat,4
teasing,4
teri,4
thought,4
thread,4
threatens,4
throw,4
tochange,4
tokio,4
towers,4
trump,4
unfair,4
union,4
vacay,4
veggies,4
watches,4
wave,4
wife,4
workers,4
worlds,4
yang,4
yeh,4
yin,4
zurich,4
1160,3
18,3
200,3
2000,3
2018,3
22,3
22k,3
25000,3
279,3
29,3
35,3
6khead,3
6th,3
accdg,3
account,3
accused,3
action,3
actuarial,3
actuary,3
advisory,3
al,3
allotted,3
allowed,3
amar,3
analysis,3
anniversaryhe,3
approves,3
april,3
ar,3
associates,3
authority,3
award,3
awesome,3
ba,3
bahu,3
bahuasem,3
bankruptcy,3
barred,3
based,3
beauty,3
bina,3
birth,3
bjp,3
bla,3
blockchain,3
bought,3
branch,3
broker,3
bt,3
bupa,3
buys,3
calling,3
campaignif,3
cared,3
cashstrapped,3
category,3
chance,3
change,3
changing,3
charlie,3
cheaper,3
checked,3
chicago,3
children,3
citizens,3
climate,3
colony,3
commitment,3
committee,3
communication,3
compare,3
compared,3
complaints,3
consultant,3
contribute,3
core,3
corruption,3
coz,3
critical,3
criticism,3
crores,3
dec,3
deeper,3
demat,3
deposit,3
deserve,3
die,3
died,3
direct,3
direction,3
divorced,3
domain,3
donors,3
dr,3
early,3
earth,3
edition,3
electronic,3
endeavour,3
engineer,3
enter,3
entire,3
ergo,3
everythingat,3
exclusive,3
extension,3
factors,3
facts,3
failed,3
failshe,3
fake,3
features,3
filled,3
film,3
firms,3
fit,3
flak,3
fly,3
focus,3
ford,3
friends,3
fully,3
fundamental,3
generated,3
gill,3
god,3
golf,3
goods,3
grand,3
greater,3
gujral,3
gupta,3
gya,3
heartening,3
hector,3
helped,3
highest,3
highlighting,3
hike,3
hilarious,3
hitesh,3
homeless,3
honestly,3
hoohaa,3
hv,3
ik,3
illogical,3
imagine,3
implementation,3
increasingly,3
indemnity,3
independent,3
indirapuram,3
industrymass,3
inflation,3
innocent,3
ins,3
insu,3
insura,3
insuran,3
insured,3
insurers,3
international,3
introducing,3
ipsmf,3
ite,3
itemso,3
itemssince,3
jai,3
james,3
jobslashed,3
jodhpur,3
joins,3
journey,3
karenge,3
kheer,3
kindly,3
king,3
kiya,3
knew,3
kuch,3
labh,3
lac,3
lagi,3
larger,3
leadership,3
leukemia,3
lifestyle,3
limited,3
liquidated,3
literally,3
logo,3
lovers,3
loves,3
lutyens,3
luxurious,3
magazine,3
maharashtra,3
mahira,3
majority,3
maksad,3
male,3
manda,3
manipulated,3
master,3
masterstroke,3
matured,3
meant,3
merger,3
micro,3
ministry,3
mirrors,3
mobile,3
moving,3
munger,3
noise,3
nominate,3
nt,3
offering,3
oliver,3
owner,3
pace,3
pain,3
pastahe,3
patient,3
payment,3
persons,3
play,3
players,3
points,3
preeti,3
presenting,3
pressuring,3
professional,3
provider,3
providing,3
provision,3
psbs,3
psu,3
punishment,3
pursuit,3
query,3
quintile,3
race,3
raise,3
rajeshwar,3
range,3
rare,3
rates,3
reaching,3
ready,3
reasons,3
reducing,3
registration,3
relatives,3
relief,3
religious,3
remaining,3
report,3
resell,3
respect,3
rest,3
restart,3
retail,3
retains,3
reveals,3
rm,3
royal,3
running,3
rupesh,3
ryan,3
sab,3
sakht,3
salary,3
salin,3
salt,3
santosh,3
sasadd,3
savings,3
scholarstatesman,3
secretary,3
sectors,3
sell,3
send,3
servants,3
served,3
settlement,3
shares,3
sharplygave,3
shipyard,3
shop,3
shouldnt,3
shud,3
si,3
sideview,3
slaps,3
sleep,3
software,3
spending,3
spent,3
sport,3
stalled,3
starplus,3
statement,3
staying,3
step,3
steps,3
store,3
story,3
stretching,3
studio,3
subject,3
subscribe,3
subsidy,3
sud,3
tasksee,3
taxpayers,3
telematics,3
terms,3
thm,3
total,3
totaling,3
tourcher,3
tra,3
training,3
trashmi,3
tribute,3
uber,3
udaipur,3
uddhav,3
ultra,3
unable,3
unde,3
unemployment,3
urgent,3
utha,3
vehicles,3
view,3
views,3
wa,3
waiting,3
watching,3
weekend,3
wheeler,3
white,3
witness,3
worried,3
wounds,3
xe,3
yo,3
1000s,2
10500,2
141employme,2
14th,2
1972,2
2000cr,2
2010,2
20172024,2
21,2
29053,2
2wheeler,2
30,2
300,2
310154,2
40000,2
4498,2
49,2
4bhk,2
4pm,2
500,2
50000cr,2
5000cr,2
57,2
5900,2
6832,2
78,2
7th,2
8001000,2
80c,2
9649639639visit,2
a1,2
aa,2
abg,2
acc,2
accepted,2
accessible,2
accommodation,2
ace,2
achieves,2
adani,2
adds,2
aditya,2
advantages,2
advisors,2
af,2
afford,2
againfirst,2
agreed,2
agriculture,2
aids,2
aig,2
aims,2
airbnb,2
ajmer,2
algorithms,2
als,2
altroz,2
ambience,2
amendments,2
amit,2
analyst,2
ancestors,2
anna,2
appetite,2
approach,2
area,2
argumentbhau,2
arihant,2
arm,2
arrested,2
articles,2
ashoka,2
aspires,2
assets,2
associate,2
association,2
assured,2
assures,2
auntyrashami,2
authorities,2
automobile,2
avail,2
baad,2
balances,2
ball,2
baner,2
banneyesterday,2
barriers,2
basis,2
bazar,2
beautifully,2
behaviour,2
benifits,2
beware,2
beyonc,2
bharati,2
bhau,2
bhook,2
bhopal,2
billion,2
bills,2
bioyes,2
bits,2
blitzkrieg,2
blunder,2
bo,2
body,2
bodyor,2
bolster,2
books,2
borrow,2
bout,2
box,2
breakfast,2
breaking,2
breathe,2
bribery,2
brings,2
brought,2
burning,2
burnt,2
businesses,2
buyers,2
cab,2
calls,2
caneline,2
caps,2
captaincy,2
captian,2
carey,2
carry,2
cast,2
cc,2
ccs,2
cctv,2
celebs,2
ch,2
chadhe,2
chakkar,2
challenge,2
challenges,2
champ,2
changer,2
channel,2
charity,2
cheap,2
cheat,2
checkers,2
chennai,2
chorni,2
churana,2
cic,2
claimed,2
clean,2
click,2
closure,2
club,2
cm,2
cnbc,2
coach,2
coaching,2
collecting,2
collector,2
college,2
colour,2
combination,2
combinations,2
comminsure,2
commodity,2
commu,2
commun,2
communica,2
compaigns,2
complimentary,2
components,2
concept,2
condition,2
conductor,2
confessed,2
confirms,2
connect,2
connected,2
conspiracy,2
constructed,2
construction,2
constructions,2
consumer,2
consumers,2
continues,2
contracts,2
convenience,2
copy,2
coun,2
council,2
countrys,2
cows,2
craft,2
create,2
creative,2
creatives,2
crimes,2
crises,2
csr,2
csuits,2
culprit,2
curtainraiser,2
dad,2
daddy,2
daiichi,2
david,2
dda,2
deal,2
dealers,2
deals,2
dealthe,2
deaths,2
decided,2
defined,2
definition,2
delayed,2
delhis,2
dep,2
deposited,2
depositors,2
derive,2
desai,2
deserves,2
desires,2
destination,2
deta,2
digest,2
dining,2
discusses,2
discussion,2
distribution,2
district,2
dividends,2
divyangjan,2
doctrine,2
documentation,2
documents,2
dollar,2
dominant,2
drivers,2
dsanalytics,2
du,2
duties,2
dynamic,2
earlier,2
earned,2
ebook,2
edelweiss,2
educomp,2
effective,2
efforts,2
ego,2
electricity,2
emoji,2
enables,2
encouraged,2
ended,2
ensures,2
entails,2
enterprises,2
entrepreneurial,2
entry,2
equity,2
era,2
esi,2
esops,2
eternity,2
etf,2
eureka,2
europe,2
evasion,2
every1,2
evil,2
evolving,2
excited,2
exciting,2
exclu,2
exclusivity,2
executive,2
exist,2
expectations,2
experiences,2
experiencing,2
expla,2
explain,2
expos,2
extend,2
extends,2
facilitation,2
fair,2
fanciful,2
fare,2
farms,2
fascinating,2
fashion,2
fd,2
fed,2
feed,2
festival,2
fi,2
field,2
figures,2
financeas,2
fine,2
finest,2
fl,2
flat,2
flood,2
florida,2
football,2
force,2
forearmluxury,2
foreign,2
forget,2
fought,2
framed,2
fred,2
freinds,2
french,2
fuckeer,2
furniture,2
futures,2
gaits,2
gandhi,2
gate,2
gaurav,2
gaylaxy,2
ge,2
genesis,2
german,2
ghaziabad,2
ghussa,2
giant,2
gig,2
globe,2
goals,2
gobarmint,2
gold,2
governments,2
grateful,2
grown,2
guess,2
guests,2
guide,2
guidelines,2
guinness,2
gurugram,2
ha,2
hampton,2
handle,2
handover,2
hands,2
har,2
harassed,2
hardwork,2
hate,2
hatred,2
haven,2
hawking,2
heads,2
healt,2
hehehe,2
heightened,2
held,2
hero,2
hey,2
hikes,2
holds,2
honeymoon,2
hosting,2
housem,2
hurry,2
husband,2
hyundais,2
ideal,2
idiots,2
ignore,2
illness,2
include,2
included,2
incomplete,2
increasing,2
indiana,2
indulge,2
industrylevel,2
infact,2
informed,2
initial,2
innovation,2
innovative,2
instant,2
instrument,2
insuranceassurance,2
insuranceservice,2
insurer,2
insurtechforum,2
integral,2
integrationfor,2
intelligent,2
intend,2
interior,2
interiors,2
interpretation,2
introduces,2
investors,2
irctc,2
itapros,2
itc,2
itna,2
ivrcl,2
jail,2
jain,2
jaipur,2
jargon,2
jariwala,2
jeshika,2
jlr,2
joint,2
jou,2
journalism,2
kara,2
kashmiris,2
kaul,2
khanaits,2
kickoff,2
kickstartsthe,2
kid,2
kids,2
kind,2
kitna,2
lack,2
lag,2
lakhit,2
lanka,2
launches,2
launching,2
lawmaking,2
lawyers,2
leader,2
legal,2
letter,2
level,2
liberal,2
lie,2
lights,2
lines,2
link,2
liquidity,2
logic,2
lol,2
longer,2
looted,2
lose,2
loser,2
loss,2
loved,2
loveits,2
luxuryact,2
ma,2
maadaammadambanks,2
mahimas,2
majesco,2
majnu,2
maldives,2
mallaya,2
managers,2
manufacturers,2
mariah,2
markets,2
mcgm,2
meaning,2
medicare,2
mega,2
megacities,2
mercedesbenz,2
merging,2
mess,2
message,2
metal,2
mfx,2
mile,2
miles,2
millennials,2
millionaire,2
millions,2
min,2
missed,2
missouri,2
mist,2
mistake,2
mix,2
mlas,2
moment,2
mon,2
moncler,2
moneynirav,2
monuments,2
moral,2
mother,2
motive,2
mud,2
mulls,2
multiple,2
murder,2
murdered,2
nabbedin,2
nagar,2
nai,2
naiknavare,2
nation,2
natural,2
nbfcs,2
necessity,2
needy,2
neighborhfor,2
neighbourhood,2
net,2
newer,2
ngo,2
ni,2
nihar,2
nomination,2
nonavailability,2
noncompliant,2
nonsalaried,2
nonsense,2
note,2
notintown,2
nov,2
november,2
nowadays,2
numbers,2
nurture,2
obligation,2
offences,2
offi,2
offic,2
officers,2
offshore,2
onesread,2
onl,2
opens,2
opt,2
option,2
options,2
options1either,2
orders,2
outlier,2
pa,2
pakistan,2
palms,2
paper,2
partial,2
partiality,2
partner,2
partners,2
passed,2
passes,2
pastachori,2
pastasidharthshukla,2
paybymile,2
payer,2
payers,2
pays,2
pe,2
peace,2
pehle,2
penal,2
penalised,2
penalties,2
penned,2
pensions,2
person,2
personified,2
phone,2
pic,2
pictures,2
pieces,2
pilots,2
pipeline,2
plot,2
plots,2
pnb,2
pockets,2
podcast,2
political,2
politicians,2
pollution,2
portal,2
portfolio,2
posible,2
prescribed,2
presents,2
pretty,2
priced,2
prior,2
prisons,2
priyanka,2
process,2
profithealth,2
profitwe,2
promotion,2
properties,2
prote,2
protecting,2
protectionmany,2
protects,2
provoking,2
psychiatric,2
publ,2
pulsar,2
punes,2
punish,2
punit,2
pwds,2
pyaz,2
qe,2
qualities,2
racing,2
raha,2
rains,2
raised,2
raises,2
rajiv,2
rajya,2
rakhi,2
rammed,2
rapidly,2
rash,2
rashmishe,2
rasmi,2
ray,2
readers,2
readytouse,2
realistic,2
reality,2
recommend,2
record,2
records,2
red,2
redundant,2
reimbursementbased,2
reject,2
religare,2
remain,2
remarkable,2
reminderlast,2
renewal,2
reno,2
repaonse,2
requesting,2
rera,2
reserve,2
residence,2
resign,2
resignees,2
resilient,2
resolve,2
respected,2
restaurant,2
restrictions,2
result,2
returns,2
revie,2
reviving,2
riches,2
ridiculous,2
ridiculously,2
rohit,2
romantic,2
rs7cr,2
rupee,2
rwampstudio,2
sabha,2
sagar,2
salaries,2
samesex,2
sana,2
sarcasm,2
satluj,2
saturdays,2
sb,2
sc,2
scam,2
science,2
scrathes,2
sea,2
search,2
searching,2
sector150,2
secured,2
segment,2
sentenced,2
ser,2
series,2
severe,2
sewage,2
shailesh,2
shangrila,2
shift,2
shivam,2
shopping,2
shou,2
shouting,2
showcase,2
showroom,2
showrooms,2
shu,2
shuklaits,2
single,2
sip,2
sips,2
sirf,2
sirfeel,2
sirhope,2
sit,2
size,2
sma,2
smartly,2
smoke,2
societies,2
solution,2
solutions,2
sophisticated,2
sp,2
spacious,2
spend,2
spousal,2
sri,2
srs,2
staff,2
stake,2
standing,2
starbucks,2
stones,2
storysince,2
straightpage,2
strict,2
strikes,2
strzok,2
subaltern,2
subhash,2
sublimits,2
successful,2
sufferbeing,2
suffered,2
sufferi,2
suggests,2
sun,2
sundowner,2
supporting,2
suri,2
surprise,2
surr,2
surrender,2
surrounded,2
suv,2
sweathis,2
sympathy,2
symptoms,2
systems,2
tableau,2
targeted,2
tasks,2
tau,2
tcss,2
teaching,2
territory,2
tesla,2
tests,2
texas,2
texts,2
thackeray,2
thailand,2
thauske,2
theft,2
themselv,2
therapy,2
theyasim,2
theyll,2
thinks,2
thirumazhisai,2
tho,2
thoughts,2
threatening,2
threemember,2
tieup,2
tight,2
tired,2
toda,2
toh,2
topic,2
totally,2
tournamentwere,2
trains,2
transmission,2
transportation,2
travels,2
trend,2
trucks,2
trusted,2
tweet,2
twowheeler,2
types,2
typhoid,2
udh,2
ultim,2
underemployed,2
undergo,2
underwriter,2
united,2
units,2
unorganized,2
upcoming,2
uptake,2
urbanrise,2
usage,2
user,2
vadra,2
valley,2
valuable,2
vapers,2
vehicle,2
versatility,2
version,2
video,2
vijay,2
violencesalman,2
visal,2
visi,2
visited,2
visits,2
vithalwadi,2
vivo,2
volumezero,2
vp,2
vzcompetition,2
waiver,2
wall,2
war,2
waste,2
website,2
weekly,2
welfare,2
weve,2
whove,2
wi,2
wil,2
wise,2
wit,2
withdraw,2
withdrawing,2
womens,2
word,2
workersshopkeepersthe,2
written,2
xx,2
youactivated,2
youinsurance,2
zilalat,2
zoro,2
010,1
01204157412website,1
03,1
0622013,1
07,1
0insurance,1
0s,1
1000,1
101,1
1078,1
109000,1
10k,1
11,1
1111111111,1
114,1
11m,1
1200,1
1221,1
123,1
124490number,1
125k,1
14,1
145000,1
14days,1
15000,1
15m,1
15th,1
163cr,1
16th,1
17,1
175,1
1768latest,1
1851,1
1860,1
188,1
19,1
191014430700,1
1961,1
1962,1
1965,1
1993,1
1better,1
1for,1
2011,1
2016,1
20192024,1
20192026,1
2019over,1
2025,1
2028,1
2029,1
20318,1
205k,1
21m,1
222,1
227,1
22because,1
23112019,1
247,1
24k,1
2589,1
27storied,1
28082019,1
29072019,1
2mutual,1
30000crore,1
30th,1
355656102670635,1
35m,1
3830,1
3amp4,1
3bhk,1
3d,1
3pm,1
40k,1
41m,1
427,1
457,1
4751homeless,1
4k,1
500rs,1
50cr,1
51,1
510,1
51736,1
53m,1
56,1
566,1
568,1
569,1
570,1
571,1
572,1
60yr,1
620,1
630,1
630pm,1
64,1
67,1
690902019,1
6credit,1
70,1
75,1
80ee,1
815,1
82949,1
83000,1
85139,1
85h,1
88,1
8888881,1
88889182293,1
8th,1
90,1
91,1
9179677790,1
91971,1
98200937822500,1
9892468691,1
99,1
9999999999,1
9cr,1
aad,1
aashiq,1
aastin,1
aayi,1
ab,1
abacus,1
aban,1
abate,1
abc,1
abo,1
abolutions,1
abroadexperience,1
academic,1
accessories,1
accidental,1
acco,1
accomodati,1
acct,1
acko,1
acquires,1
acres,1
acted,1
activations,1
active,1
acts,1
actu,1
acute,1
adanitrans,1
adaptive,1
additi,1
addition,1
addon,1
adjuster,1
admissionbackground,1
adopt,1
ads,1
advance,1
advertise,1
advice,1
advise,1
advisor,1
advt,1
adx,1
affluent,1
affor,1
affordab,1
afor,1
afte,1
afternoon,1
agarwal,1
age,1
agen,1
ages,1
aggregated,1
aggregator,1
aggression,1
aghadi,1
agyeya,1
ahmedabad,1
ahmedabadcall,1
aides,1
air,1
airport,1
airporti,1
airwe,1
aise,1
ajay,1
alarm,1
ale,1
allfind,1
allinaze,1
allocations,1
allotment,1
alphabets,1
alternative,1
amade,1
amanda,1
amaravati,1
amateu,1
ambitious,1
amc,1
amended,1
amenitiescheckout,1
american,1
americans,1
americawhy,1
amountlower,1
amounts,1
ample,1
amrapali,1
amsterdam,1
anar,1
ancient,1
andr,1
animals,1
announcement,1
announcementdear,1
announces,1
announcing,1
annoying,1
annual,1
annuallyregularly,1
ans1,1
answerhealth,1
anthony,1
anticipate,1
anticipated,1
anticorruption,1
antikashmir,1
anxiety,1
anythin,1
anythingtax,1
anytime,1
aparment,1
aparnahi,1
apartheid,1
apartm,1
apartmentrera,1
apex,1
apna,1
apne,1
appalled,1
appartments,1
appeal,1
appearance,1
application,1
appointed,1
appreciation,1
approached,1
approaches,1
approved,1
approx,1
aprilkulla,1
aquatic,1
arab,1
architects,1
architectural,1
areaand,1
areathis,1
arena,1
arey,1
arguments,1
arhan,1
aroma,1
arpit,1
arpu,1
arrange,1
arranged,1
arranging,1
arre,1
arrogant,1
arthur,1
articlecan,1
artmakeup,1
ascending,1
ascent,1
ashamed,1
asian,1
asiimvishal,1
aspire,1
assaulted,1
assembly,1
asset,1
assim,1
assistance,1
assistant,1
assurance,1
assure,1
aston,1
astonishing,1
atethey,1
atlea,1
atleast,1
atmosphere,1
attached,1
attacking,1
attain,1
attitude,1
attitudes,1
attrac,1
attract,1
atul,1
aug,1
authori,1
automobiles,1
automotive,1
autos,1
av,1
availability,1
aviation,1
avoid,1
avoidable,1
awadhi,1
awarapan,1
awards,1
awwww,1
ayog,1
ayurveda,1
ayurvedic,1
azore,1
b4,1
baan,1
baar,1
babes,1
backbuy,1
backif,1
backoffice,1
backwaters,1
bagics,1
bah,1
bahrain,1
bahraini,1
bain,1
baje,1
baked,1
bakwas,1
balconyfor,1
band,1
bandaged,1
bandidare,1
bane,1
bangalore,1
bangalorecheckout,1
banquet,1
bare,1
basanta,1
basel,1
bathroom,1
bathrooms,1
bay,1
bb13,1
bcz,1
beaches,1
bearish,1
becose,1
becz,1
bed,1
bedrooms,1
bee,1
beefs,1
beet,1
beg,1
begada,1
beggar,1
behave,1
behavi,1
behaviourcar,1
behaviours,1
beige,1
belong,1
benchmark,1
benefec,1
benefi,1
beneficiaries,1
benefited,1
benefitslook,1
benefitsor,1
bengal,1
bengaluru,1
bengalurubased,1
bent,1
benz,1
berkshire,1
bernie,1
besharmi,1
bestseller,1
bets,1
bhag,1
bhahut,1
bhakt,1
bhargav,1
bhumika,1
bi,1
bigboss,1
biggbos,1
bigger,1
bighit,1
bihar,1
bike,1
billionaire,1
billionaires,1
bima,1
bin,1
binsachivalay,1
bio,1
biogtshypocrites,1
birla,1
birmingham,1
birthmarks,1
biscuits,1
bitesized,1
bjplotus,1
blame,1
blessed,1
blinkin,1
bloc,1
bloodsucking,1
bloody,1
bna,1
boat,1
bodylokpal,1
boeing,1
boggling,1
bojjana,1
bol,1
bola,1
bollards,1
bolri,1
bolti,1
boost,1
bored,1
boris,1
borivil,1
borrower,1
boutique,1
boy,1
brain,1
brainpast,1
brakes,1
brandread,1
bransfield,1
bravery,1
breakout,1
breaks,1
bricks,1
bridal,1
bridges,1
bright,1
brilliant,1
bristol,1
britain,1
brokerage,1
brokerages,1
brooklands,1
brother,1
bruises,1
buddha,1
budg,1
budgetacc,1
budgetbecause,1
buffet,1
buffs,1
buildings,1
builtup,1
bull,1
bulle,1
bulls,1
bunch,1
bundle,1
bunglow,1
bunglowproperty,1
burdened,1
burgundy,1
burst,1
buses,1
businessmen,1
bust,1
bustan,1
buyyour,1
cad,1
cake,1
calculator,1
calendar,1
california,1
callum,1
campaign,1
cance,1
cancellation,1
cancer,1
canelines,1
cannes,1
capable,1
capita,1
capri,1
captainall,1
captainextant,1
captionthey,1
cardsit,1
carefullycarted,1
caregiver,1
carmh125179,1
carone,1
carries,1
cashless,1
castel,1
catch,1
categoris,1
categorise,1
categorize,1
cater,1
cel,1
center,1
centers,1
centrally,1
centres,1
century,1
ch40,1
chain,1
chal,1
champions,1
changed,1
channels,1
chanouzas,1
chaos,1
character,1
chartered,1
chatbots,1
chateau,1
cheater,1
cheating,1
chec,1
checko,1
checkout,1
checks,1
chela,1
chembur,1
chemica,1
chemical,1
chemicals,1
chemo,1
chemonics,1
chenna,1
chhabra,1
chicagoatlanta,1
child,1
childrendumbledoreinsura,1
childs,1
chinas,1
chinchpokli,1
chips,1
chocolate,1
chola,1
chopra,1
chore,1
chronic,1
chugh,1
chukla,1
churakr,1
ci,1
cigarette,1
cimmyt,1
circus,1
citing,1
citys,1
clarification,1
cleared,1
client,1
clients,1
clinique,1
clipboard,1
close,1
closedon,1
closes,1
closing,1
clothes,1
clothing,1
cloud,1
clubhouse,1
clubplan,1
cmp,1
cn,1
cnx,1
coastal,1
coincidence,1
coins,1
cold,1
collect,1
collected,1
colors,1
colossal,1
comfortable,1
comfortably,1
comforting,1
comfortlive,1
coming,1
comment,1
comments,1
commodes,1
communic,1
communicat,1
communicate,1
communitythe,1
comparison,1
compensated,1
compensation,1
compete,1
competitionconducted,1
competitors,1
complai,1
complainneed,1
complainthe,1
complement,1
complex,1
compliance,1
complicated,1
compna,1
concall,1
concer,1
concerned,1
conditionsweve,1
condos,1
conduct,1
conducting,1
confirmationbeing,1
confirmed,1
congrats,1
congratulations,1
conn,1
connection,1
connections,1
connectivity,1
conquer,1
cons,1
consequences,1
consideration,1
constantly,1
consti,1
construct,1
constructing,1
constructive,1
consultancy,1
consultants,1
cont,1
contactpo,1
conte,1
contempora,1
conten,1
contestants,1
contmost,1
contra,1
contractor,1
convenient,1
converts,1
cooperating,1
cooperative,1
coorganized,1
cops,1
corbyn,1
corinthi,1
corinthians,1
corporates,1
corr,1
correctly,1
corrup,1
cos,1
cosmetics,1
costly,1
costsso,1
costtax,1
cotitle,1
cottages,1
count,1
counterparts,1
countless,1
countries,1
county,1
couple,1
coupons,1
court,1
couture,1
cove,1
covera,1
coverager,1
coverwhy,1
cpse,1
crafted,1
craftsmanship,1
crashes,1
crawford,1
cre,1
creates,1
creating,1
creation,1
cried,1
criminals,1
crisis,1
croce,1
cropsif,1
cror,1
crore145000,1
crossed,1
crossing,1
crowne,1
cruises,1
crusieliner,1
crybaby,1
cu,1
cultural,1
culture,1
cumreds,1
curious,1
current,1
cust,1
custo,1
custody,1
custome,1
customfirst,1
customised,1
customs,1
cuvva,1
cycles,1
dabba,1
dadar,1
dall,1
dam,1
damage,1
damaged,1
dange,1
das,1
dated,1
dates,1
daughter,1
dawnfrom,1
dayl,1
dc,1
dealing,1
dearest,1
death,1
debit,1
deck,1
declbiggboss13,1
declined,1
decrease,1
dedicated,1
dedicates,1
deduct,1
deemed,1
defend,1
deferred,1
dekhlo,1
dekho,1
dekhte,1
del,1
delhiaerocityexperience,1
delhiwallahsits,1
deliver,1
delivered,1
deloittes,1
deluxe3,1
delve,1
demandoccupancy,1
demo,1
democratic,1
departments,1
depending,1
deploy,1
deprived,1
describes,1
deserve23,1
desi,1
designer,1
designers,1
designs,1
designthe,1
destinationreforms,1
destroyed,1
det,1
detai,1
detailwe,1
detection,1
determined,1
developed,1
developmentinteresting,1
devialet,1
devices,1
devolina,1
devraj,1
dhaani,1
dhamaka,1
dhan,1
dhruv,1
dialogue,1
diariesliving,1
dicgc,1
diego,1
differencerisk,1
differencethey,1
digipay,1
digit,1
dilemma,1
diligent,1
diluting,1
dinanu,1
dinghy,1
dirty,1
dis,1
disadvantage,1
disappointed,1
disaster,1
disbursement,1
discount,1
discover,1
discretionary,1
discuss,1
discussi,1
disease,1
disney,1
dispatch,1
displayed,1
disposable,1
disrespect,1
disrupter,1
disrupting,1
distinctive,1
distributes,1
diversity,1
divert,1
dividend,1
diwakar,1
diwali,1
diwalidiwali,1
dmwhy,1
dnd,1
doctors,1
docum,1
document,1
documentbjaz,1
dog,1
doi,1
domestic,1
dominate,1
dominated,1
don,1
donegal,1
doneinsurance,1
dono,1
doob,1
doubling,1
doughnut,1
dow,1
downey,1
download,1
downloading,1
dragon,1
dras,1
dreaming,1
dreams,1
drinks,1
drive,1
driven,1
driver,1
dropped,1
dry,1
dta,1
dubai,1
duck,1
duplexes,1
durin,1
duty,1
dy,1
dying,1
dynamics,1
ea,1
earlydiversify,1
earlyopt,1
earlyreliable,1
ease,1
easily,1
east,1
ecoluxur,1
ecoluxury,1
ecommerce,1
econom,1
economically,1
economics,1
economyvisit,1
edito,1
editors,1
edriving,1
educate,1
educationtraini,1
eee,1
eff,1
effected,1
egg,1
elaborate,1
elaborates,1
elahi,1
elder,1
elderly,1
elected,1
electorate,1
electrification,1
elevating,1
em,1
email,1
embark,1
emboldened,1
emerged,1
emirus,1
emojiu,1
emotionrich,1
employerbacked,1
employment,1
empyreal,1
en,1
enclave,1
endi,1
endless,1
endowment,1
endstage,1
endtoend,1
enforced,1
engaging,1
engine,1
engineering,1
engineers,1
enhanced,1
enhancing,1
enlisting,1
enoahs,1
enormous,1
enr,1
enrollme,1
ens,1
entertainment,1
enthusiastic,1
entity,1
entrepreneur,1
environments,1
environmentwe,1
epan,1
epe,1
epf,1
epfo,1
equals,1
equivalent,1
erc,1
es,1
escalated,1
escortas,1
escorts,1
established,1
estee,1
ethical,1
evaluation,1
eve,1
evenings,1
events,1
eventsoon,1
everon,1
everonaban,1
everythi,1
everything23,1
evolve,1
evolved,1
exact,1
exam,1
exboss,1
excellente,1
exceptional,1
exchange,1
excluded,1
exclusion,1
excuse,1
excusesid,1
exe,1
exhilarating,1
existence,1
exits,1
exor,1
exp,1
expand,1
expct,1
expect,1
expecting,1
expense,1
expensive,1
exper,1
experienced,1
experiment,1
expertise,1
expire,1
expiredcalled,1
expiredtn,1
explore,1
exploring,1
explosion,1
expo,1
exposing,1
exquisitely,1
exssrvm,1
extended,1
extent,1
exteriors,1
extn,1
extor,1
extravagant,1
extremely,1
extremes,1
eye,1
eyewear,1
faangs,1
facebook,1
facilit,1
facilitates,1
facility,1
faculty,1
fail,1
failure,1
falls,1
false,1
familyhere,1
fan,1
farm,1
farmer,1
farmhouse,1
fasal,1
fashionista,1
fast,1
faster,1
fasting,1
fatal,1
fds,1
feasible,1
feature,1
featuresalarm,1
february,1
fee,1
fees,1
felicity,1
felt,1
ferragamo,1
festivals,1
festive,1
fieldoffice,1
figh,1
fil,1
filing,1
financelocation,1
financials,1
finding,1
finds,1
fined,1
finger,1
fintech,1
fired,1
firm,1
firstever,1
firstly,1
fixed,1
fixing,1
flag,1
flags,1
flash,1
flatcall,1
flexi,1
flexible,1
flexibly,1
floater,1
floodsloan,1
flys,1
fna,1
focused,1
focuses,1
folks,1
fool,1
fools,1
forcing,1
foresee,1
forgiveness,1
formats,1
formula,1
formulate,1
forreal,1
forum,1
fourstorey,1
fracture,1
fragrance,1
frauds,1
freddie,1
freedom,1
freehold,1
frequent,1
frm,1
fro,1
frozen,1
ftype,1
fuckers,1
fueling,1
fugitiveswho,1
fullest,1
fullsize,1
fullstack,1
functionalbut,1
funk,1
funnel,1
furends,1
furnished,1
furtherinvest,1
futurance,1
fwd,1
ga,1
gainatflnnavin,1
gained,1
galla,1
games,1
gang,1
garbage,1
garli,1
garner,1
gas,1
gathered,1
gaur,1
gaureshyr,1
gdp,1
geethaviswanath,1
gel,1
gene,1
genius,1
geopolitical,1
georgia,1
getaway,1
getsafe,1
gettogethers,1
ghaziabadaffordable,1
gip,1
girl,1
gl,1
glamours,1
glasgow,1
glazers,1
glimpses,1
glitches,1
gls,1
gmail,1
goal,1
goaltell,1
goi,1
gonenow,1
gonna,1
goon,1
gopalar,1
goqii,1
gorgeous,1
gotomarket,1
governance,1
gpd,1
gra,1
grade,1
grampanchyat,1
granted,1
grants,1
granular,1
grappling,1
greed,1
greener,1
greeneryclick,1
greenmark,1
greens,1
grill,1
grimshaw,1
groceries,1
gross,1
ground,1
gsphc,1
guarantee,1
guarantees,1
guerilla,1
guessing,1
guestsbanks,1
guides,1
guidewire,1
guilty,1
guindy,1
gundas,1
gurugramcontact,1
gurugramwe,1
gurunginsta,1
gv80,1
haa,1
haan,1
hackathon,1
hadnt,1
hailolstay,1
hailoss,1
hajar,1
hall,1
handling,1
handpicked,1
happened,1
hardearned,1
hardening,1
harder,1
hardware,1
harm,1
haryana,1
hatchbac,1
haterschamp,1
hath,1
hathaway,1
haut,1
hav,1
havent,1
hays,1
hazards,1
hdil,1
headbutted,1
headed,1
heading,1
healthier,1
hearing,1
heartless,1
heat,1
heats,1
heavenly,1
heavily,1
hectordeco,1
height,1
hellas,1
helmet,1
helpin,1
helping,1
helpips,1
helpl,1
helpmailed,1
helps,1
hemant,1
hen,1
here23,1
herewith,1
heritage,1
hesitate,1
hfc,1
hfcs,1
hgame,1
hidden,1
highinsurance,1
highlighted,1
highlights1,1
highly,1
highvalue,1
hilife,1
hill,1
himachal,1
hines,1
hire,1
hiring,1
historic,1
history,1
hit,1
hoaxes,1
hogwartsdumbledore,1
holdings,1
holiday,1
holidays,1
homefeatures,1
homein,1
homemaker,1
homewe,1
honble,1
hong,1
honor,1
honorable,1
honored,1
hookers,1
hopes,1
hoping,1
horizon,1
hosmaniat,1
hospital,1
hospitality,1
hospitalwe,1
host,1
hotelling,1
hotels,1
hotelssmartphone,1
hotter,1
hottest,1
hou,1
household,1
households,1
housi,1
housinghdil,1
howliday,1
hq,1
hqas,1
hrushikesh,1
ht,1
htt,1
huddle,1
hue,1
hugs,1
huma,1
human,1
humare,1
humble,1
humbleness,1
hvng,1
hybrid,1
hyderabadvijayawada,1
hydro,1
hydrophonicsdays,1
hyper,1
iba,1
ibm,1
ic38,1
iconic,1
icw,1
idea,1
ideally,1
identified,1
identify,1
ideologies,1
ids,1
if1912033116793,1
iffco,1
ignominy,1
ii,1
iihmhotelschool,1
iit,1
ilampfs,1
ilampfsjp,1
illegal,1
illnesses,1
imc,1
immense,1
immovable,1
imp,1
impacts,1
impetus,1
implement,1
implemented,1
implications,1
impossible,1
improve,1
improvements,1
improving,1
imtiaz,1
ina,1
inbound,1
inboundoutbound,1
incentive,1
incidentotherwise,1
includeno,1
includes,1
inclusio,1
inclusion,1
inclusive,1
incompetence,1
incompetent,1
incr,1
incre,1
increase,1
inda,1
indiablooms,1
indiairdai,1
indiamodi,1
indirect,1
indomitable,1
indulged,1
ineach,1
inexpensive,1
influence,1
infosec,1
infront,1
inhumanity,1
injuriesye,1
innocenthow,1
innovating,1
innovators,1
inquiries,1
inr,1
insightful,1
insolvency,1
inspects,1
inspire,1
insta,1
install,1
instinctively,1
institution,1
institutions,1
insur,1
insurahomes,1
insuranceawardin,1
insuringgurgaon,1
insurtechs,1
int,1
inte,1
integrated,1
integration,1
intent,1
intentions,1
inter,1
interaction,1
interactions,1
interested,1
internal,1
internet,1
intervention,1
intervi,1
interviewed,1
intimacy,1
intl,1
intraday,1
introduce,1
introduced,1
introduction,1
inventory,1
invested,1
investorsplan,1
invests,1
invite,1
iot,1
iress,1
irritating,1
isabout,1
ita,1
italian,1
itemsbut,1
itemsit,1
itemsthey,1
itemsy,1
itnow,1
itwhen,1
ivrge,1
ivycamp,1
ja,1
jagan,1
jahan,1
jaisalmer,1
jaise,1
japans,1
jay,1
jeal,1
jeevan,1
jersey,1
jets,1
jhuggi,1
jignesh,1
jinki,1
jisme,1
jismein,1
jitaya,1
jithose,1
jiwhose,1
jiwhy,1
jk,1
jo,1
jobless,1
jobsmeet,1
jodi,1
johanne,1
johnson,1
johnsonfarage,1
joy,1
joyous,1
joys,1
jp,1
jst,1
judge,1
july,1
jumla,1
junction,1
june,1
jvs,1
kaam,1
kabhialway,1
kailaasahomeland,1
kal,1
kanakia,1
kankurgachiprice,1
karna,1
karo,1
karodoes,1
karoupar,1
karta,1
karti,1
kashmir,1
kashmiri,1
keeping,1
kenneth,1
kentucky,1
key,1
khaya,1
khelte,1
khet,1
khudke,1
ki2,1
kia,1
kinds,1
kitchen,1
kiyu,1
kk,1
kkk,1
kms,1
kn,1
knoll,1
knowing,1
knowledg,1
knw,1
kochi,1
kohenur,1
koi,1
kolkata,1
kolte,1
konda,1
kondapur,1
kongbased,1
korean,1
kotak,1
kottenstet,1
krishna,1
kshar,1
kumardubi,1
kunjan,1
la,1
lacs,1
lad,1
ladakh,1
laga,1
lagoons,1
lake,1
lakeside,1
lakhsmore,1
lakshmi,1
lakshminutech,1
lancome,1
landing,1
landmark,1
landmines,1
lane,1
lap,1
las,1
laser,1
last18months,1
lateryou,1
lauder,1
laundering,1
lauras,1
lavasa,1
lavish,1
lawabiding,1
lawrence,1
laws,1
lawyer,1
layer,1
layers,1
leaderno,1
leadi,1
leak,1
leela,1
left,1
legacy,1
legally,1
legend,1
lending,1
les,1
lesser,1
lesson,1
levera,1
leverage,1
li,1
liabilities,1
liabilityorganization,1
licence,1
lics,1
liehousing,1
light,1
lighted,1
ligue,1
lil,1
lime,1
lingampalli,1
liquid,1
liquor,1
lisence,1
liv,1
liye,1
ll,1
lm,1
lmics,1
lnlaws,1
loading,1
loansproslarger,1
loathe,1
lobby,1
locations,1
lock,1
lodged,1
login,1
logistics,1
lonely,1
longterm,1
looke,1
loot,1
loreals,1
lots,1
lounge,1
lovea,1
lovesuper,1
lu,1
luca,1
lucky,1
lunch,1
lungfuls,1
lush,1
lux,1
luxaire,1
luxury5,1
luxuryenjoy,1
m3m,1
maam,1
madalla,1
madamalso,1
magical,1
magnificent,1
mah,1
maha,1
mahal,1
maharashtraiba,1
mahima,1
mahindra,1
mail,1
mailekin,1
majak,1
makemytrip,1
makeover,1
makers,1
makeup,1
maldivian,1
managem,1
manchester,1
mandatory,1
manipalcigna,1
march,1
margins,1
marietta,1
maro,1
married,1
marseille,1
marsh,1
marshs,1
martin,1
mary,1
masters,1
mastery,1
mat,1
matters,1
mattres,1
maulana,1
maximum,1
mayfair,1
mcev,1
meaningless,1
mechanicals,1
medically,1
meet,1
meeting,1
members,1
membership,1
memorable,1
memorableluxury,1
memorial,1
men,1
mental,1
mentioned,1
mentioning,1
mercy,1
merged,1
mertzel,1
meter,1
meters,1
metropolis,1
metropolitan,1
mf,1
mfs,1
miami,1
michael,1
microinsurance,1
micromarkets,1
midlife,1
midst,1
milan,1
miller,1
millimeter,1
milliondollar,1
mindblowing,1
mineral,1
minimise,1
ministers,1
mins,1
minutes,1
mis,1
mishapssta,1
missin,1
missing,1
missouris,1
mlm,1
mobility,1
mockery,1
mod,1
modelling,1
modelonly,1
models,1
modern,1
modular,1
mohammad,1
mohan,1
momentum,1
monaco,1
monday,1
monde,1
moneyit,1
moneypeople,1
monitor,1
monobrand,1
monthscorporate,1
monthsin,1
moodys,1
mor,1
morereturn,1
morewe,1
morons,1
moronsshe,1
mortgage,1
mostle,1
mountain,1
mountains,1
movable,1
moves,1
mp,1
mpc,1
mpv,1
msedcl,1
mughalera,1
multiplexesnew,1
multipurpose,1
mumb,1
mumbaibig,1
mumbaii,1
mumbaikars,1
mumbaiwelcome,1
murderers,1
museum,1
muslims,1
mustsee,1
mustvisit,1
muthyala,1
mutiny,1
myhealth,1
nabcz,1
nagarnutech,1
nagarstarts,1
nagarultra,1
nailed,1
nameerk,1
names,1
narendra,1
nationals,1
nava,1
naved,1
nclt,1
ncr,1
ndc,1
neat,1
neccesary,1
nedungundram,1
nee,1
neededthe,1
needswe,1
negotiations,1
nehruvian,1
neocars,1
nestled,1
nettug,1
network,1
networking,1
neutrogena,1
newcomers,1
newsamps,1
newsi,1
ng,1
nicely,1
nifty,1
nilakh,1
nilaya,1
nippon,1
niti,1
nitin,1
nitish,1
nityanand,1
no1,1
noble,1
noc,1
nogovt,1
nominations,1
nomoveinto,1
noohe,1
norm,1
norman,1
norms,1
north,1
northern,1
norths,1
nose,1
notes,1
notify,1
novi,1
npa,1
npas,1
nri,1
ns160,1
nu,1
nuisance,1
numbe,1
numberless,1
numerous,1
ny,1
nyc,1
nykaa,1
oasis,1
obc,1
objection,1
obnoxious,1
occasion,1
occupied,1
occur,1
odc,1
offdispenser,1
offence,1
offerings,1
og202202180100028058,1
oldfashioned,1
ole,1
oman,1
omanexperience,1
ombudsman,1
omg,1
onboard,1
onboarding,1
onceinalifetime,1
ond,1
oneconsider,1
ontime,1
onward,1
onward3,1
op,1
opd,1
opened,1
opening,1
openpr,1
operation,1
opinion,1
opportunities,1
oppressed,1
optimise,1
optimism,1
opting,1
orchid,1
order,1
organisation,1
organized,1
orginal,1
oriental,1
origi,1
originally,1
originals,1
orlando,1
ot,1
othercoz,1
outdoor,1
outline,1
outlook,1
outlooks,1
outstanding,1
outstation,1
overcomplicating,1
overdose,1
overlooked,1
overnight,1
overseas,1
overview,1
owned,1
owners,1
owns,1
pachtayenge,1
pacific,1
package,1
painful,1
paints,1
pakistanpersonal,1
pakoda,1
palace,1
pallonji,1
panelautomation,1
panelists,1
papinder,1
paradise,1
parasites,1
parental,1
parents,1
paris,1
paristhiti,1
parked,1
parsuram,1
partially,1
participants,1
participate,1
parties,1
partnerships,1
pashtaand,1
pass,1
pastab,1
patel,1
path,1
paths,1
patientsfor,1
patil,1
patriot,1
pause,1
paya,1
payu,1
peaceful,1
peanut,1
peanuts,1
penetration,1
pennsylvania,1
pensio,1
pensionerschoose,1
penthouse,1
peop,1
peoplepaid,1
percent,1
perform,1
performance,1
permanent,1
personalized,1
personnel,1
personno,1
pert,1
perverted,1
pesky,1
pet,1
petroleum,1
pf,1
pgim,1
pharande,1
pharma,1
phase,1
philosophy,1
pi,1
pick,1
picked,1
pilgrimages,1
pillar,1
pillars,1
pilot,1
pimple,1
pinkywen,1
pinnacle,1
pipe,1
pivot,1
pla,1
placement,1
placing,1
plane,1
planet,1
planned,1
plant,1
platform,1
player,1
playing,1
playingif,1
plaza,1
plazzo,1
pleased,1
pleasure,1
pls,1
plz,1
pmc,1
pms,1
po,1
poal,1
polices,1
policyholders,1
politician,1
politics,1
polythene,1
pomellato,1
populations,1
por,1
port,1
portag3,1
portfolios,1
portion,1
posh,1
positive,1
posse,1
possession,1
posted,1
posters,1
postpai,1
postpaid,1
posts,1
potential,1
pouncing,1
pounds,1
powai,1
powar,1
powdery,1
powering,1
prabhakar,1
prapam,1
prasanth,1
pre,1
precisely,1
predatory,1
predicting,1
predictions,1
preex,1
preferred,1
prefunc,1
preleased,1
premi,1
premiaquestion,1
premium2,1
prep,1
prepare,1
prepared,1
preparing,1
presented,1
presidential1,1
press,1
pressure,1
prestige,1
prestigiou,1
presumption,1
pret,1
pretending,1
preventive,1
preview,1
pric,1
pricing,1
primary,1
printing,1
prints,1
privil,1
pro,1
prob,1
probl,1
processing,1
produ,1
productivity,1
productscame,1
profitable,1
profitit,1
program,1
programmes,1
programs,1
projecting,1
promised,1
promises,1
promote,1
promoters,1
promotes,1
proof,1
prop,1
propaganda,1
protesters,1
protests,1
proudly,1
provence,1
provident,1
providers,1
proxy,1
pseu,1
publicity,1
publish,1
puc,1
pulling,1
punishing,1
purchasing,1
purposely,1
purposes,1
purva,1
q1,1
q2fy20,1
qualification,1
qualified,1
qualifier,1
quarter,1
quartercentury,1
quarters,1
queens,1
question,1
quietly,1
quintessential,1
quinti,1
quota,1
quote,1
quoting,1
radar,1
rahi,1
rahul,1
rai,1
rails,1
rain,1
rainbow,1
raising,1
raj,1
rajadhani,1
rajesh,1
raju,1
rakh,1
rakhna,1
rann,1
rape,1
rapid,1
rapists,1
rashami,1
ratewhen,1
rationalised,1
rationbutvishal,1
rations,1
rattled,1
ravindra,1
rbis,1
rc,1
reach,1
reached,1
react,1
realestate,1
realize,1
realized,1
reasonable,1
reasonsthey,1
reasonthey,1
rebalance,1
rebates,1
rebranded,1
receive,1
receivedon,1
recogni,1
recognition,1
recognizing,1
recruitment,1
reddit,1
reddy,1
redevel,1
redevelopment,1
reduc,1
reduce,1
reduct,1
reduction,1
reelection,1
referendum,1
reforms,1
refusing,1
reg,1
regal,1
regional,1
regions,1
regrets,1
regul,1
regular,1
reincarnation,1
reinvent,1
rejecting,1
relationships,1
relax,1
released,1
reliable,1
rely,1
remembered,1
renew,1
renewals,1
renewed,1
rep,1
repaired,1
repco,1
repeatedly,1
reper,1
repercussions,1
replacement,1
replica,1
repo,1
reported,1
reputable,1
requirement,1
requirements,1
requires,1
residences,1
residentia,1
resignations,1
resort,1
resorts,1
respo,1
responsethis,1
responsive,1
restful,1
retai,1
retirementstart,1
retraining,1
revamp,1
revising,1
revision,1
revival,1
revolting,1
revolution,1
rhymes,1
riaz,1
ribelle,1
rickett,1
rickshaw,1
rid,1
riders,1
ris,1
rise,1
rising,1
riskhike,1
ritzcarlton,1
rivazz,1
river,1
rivers,1
rlk,1
rnr,1
ro,1
roads,1
roads2affordable,1
roaring,1
robbing,1
rockedrising,1
rocket,1
rohan,1
rollout,1
rolls,1
roof,1
roofing,1
roofthe,1
roots,1
rotian,1
rough,1
routine,1
rover,1
royale,1
rsc,1
rudra,1
rulesstart,1
ruling,1
runaway,1
runs,1
saas,1
saazishwhere,1
sabse,1
sachin,1
sadly,1
safe,1
safely,1
safety5better,1
sai,1
sakte,1
salmon,1
salute,1
salvatore,1
samajh,1
sampadha,1
sampp,1
san,1
sandeep,1
sanders,1
sandip,1
sanghis,1
sanp,1
sansaar,1
santhosh,1
saturday,1
saudi,1
saves,1
sayi,1
saza,1
sbis,1
sbn,1
scaffolding,1
scams,1
scan,1
scared,1
scars,1
scene,1
scenes,1
scenic,1
scheduled,1
schengen,1
schools,1
scientist,1
scotland,1
scrappy,1
scratches,1
screenings,1
seamless,1
secondhand,1
secret,1
secti,1
section161,1
sector2,1
sector3,1
sector4,1
securing,1
securitydefencetreasurycommercehousingeducationtechnologyheal,1
sedan,1
seek,1
seena,1
sees,1
select,1
selected,1
selecti,1
selects,1
selfcentred,1
seloo,1
sense,1
sensuality,1
separate,1
separated,1
serves,1
servi,1
servicing,1
sets,1
setup,1
seva,1
seval,1
sg,1
sh,1
shaa,1
shah,1
shailendra,1
sham,1
shame,1
shameful,1
shanbhogue,1
shapes,1
shapiro,1
shapoorji,1
sharad,1
shareholder,1
sharma,1
sharp,1
sharper,1
shd,1
shefal,1
shehnaz,1
shell,1
shg,1
shield,1
shikhar,1
ship,1
shock,1
shoppers,1
shore,1
shorehambysea,1
showcases,1
shubha,1
shudve,1
shuklapeople,1
shuklas,1
siddha,1
siddhaha,1
siddhart,1
sidha,1
sidhar,1
sights,1
sign,1
signed,1
signs,1
silicon,1
silver,1
simpler,1
simplethe,1
simply,1
singapor,1
siri,1
sirwith,1
sites,1
sits,1
sitting,1
situated,1
sizzlers,1
skills,1
skky,1
sky,1
skyhigh,1
skyscraper,1
slab,1
slash,1
sleepers,1
sleeping,1
sleepy,1
slig,1
slowed,1
slowing,1
slumfree,1
slyshe,1
smileinducing,1
snatching,1
sobha,1
soc,1
soca,1
soch,1
societiesplanning,1
soft,1
soil,1
sold,1
solicitation,1
solid,1
som,1
sompo,1
sonal,1
soul,1
souls,1
south,1
spac,1
spaces,1
spamming,1
speak,1
speaks,1
specially,1
specialty,1
specific,1
spirit,1
spiritluxury,1
spirituality,1
spirosmargaris,1
splendour,1
spoilt,1
sponsor,1
spor,1
sporty,1
spouse,1
sprawling,1
spreading,1
spur,1
sqft,1
square,1
squatter,1
sra3,1
srinivas,1
srivastava,1
ss,1
st,1
sta,1
stable,1
stairs,1
stalwarts,1
standalone,1
standard4,1
stargaze,1
starts,1
stateof,1
staterun,1
station,1
stationery,1
staycatio,1
stays,1
stayuntil,1
steadily,1
steali,1
steel,1
stefan,1
sto,1
stoc,1
stocksmoderately,1
stood,1
stopped,1
stories,1
storyin,1
street,1
strength,1
stress,1
stressed,1
stressing,1
strewn,1
stroll,1
stru,1
struck,1
struggle,1
strugle,1
stu,1
student,1
study,1
subbrand,1
subcontractors,1
submit,1
submitting,1
subsi,1
substantial,1
subterranean,1
successfullyi,1
sucheta,1
sudarshan,1
sudheer,1
sue,1
sufficient,1
suggestion,1
suggestions,1
suggestionsyour,1
sum,1
summarised,1
summary,1
summithere,1
sumne,1
sunday,1
sunil,1
sunlo,1
sunny,1
sunrise,1
sunt,1
sunteck,1
supervised,1
supplyif,1
supportin,1
supports,1
suprem,1
sur,1
suraksha,1
surely,1
surgery,1
surgerynothey,1
surrendering,1
surrendra,1
surv,1
sushanta,1
sushmita,1
sussex,1
sustainable,1
sustaining,1
sutra,1
suvarna,1
suvs,1
swach,1
sweat,1
sweden,1
swift,1
swing,1
swinson,1
switzerland,1
syllabus,1
sys,1
ta,1
tab,1
tackle,1
tactics,1
tag,1
tailor,1
tailored,1
tak,1
talent,1
talks,1
tamper,1
tangible,1
target,1
targets,1
targett,1
tariff,1
tariffs,1
task3,1
taskeven,1
taskno,1
tasksbb,1
taskthey,1
taste,1
taxable,1
taxed25,1
taxgoal,1
taxman,1
tcs,1
te,1
teach,1
teaming,1
teamwork,1
technical,1
technological,1
technologies,1
techrepublic,1
tees,1
telangana,1
tele,1
telecom,1
tellapurthere,1
temperatures,1
tent1,1
tents,1
terrorismmeat,1
test,1
testthe,1
thatsid,1
theame,1
theart,1
theatre,1
thei,1
themes,1
themlets,1
themso,1
thermal,1
thier,1
thinkadvisor,1
thinking,1
thnx,1
thoda,1
thomas,1
thoughtfully,1
threats,1
thrilled,1
thriving,1
throwaway,1
thrown,1
thugs,1
thusit,1
tickets,1
tiedup,1
tiffany,1
tim,1
tissue,1
titl,1
titled,1
tm,1
tnpls,1
to1,1
tod,1
toilets,1
tokioiffco,1
tolerated,1
toll,1
ton,1
tools,1
toowo,1
top3,1
topthe,1
topup,1
torsos,1
torture,1
tory,1
toto,1
tourism,1
towels,1
towns,1
township,1
tr,1
traction,1
trading,1
tradition,1
trailing,1
trainer,1
trainig,1
trans,1
transaction,1
transform,1
transformation,1
transformerswill,1
translation,1
transparency,1
transport4womens,1
trapped,1
traveler,1
tread,1
treatread,1
tree,1
trees,1
trends,1
trick,1
trillion,1
trillions,1
trimmed,1
trip37,1
tropical,1
trouble,1
trustee,1
truth,1
tsb,1
tsunami,1
tucked,1
tue,1
tuesday,1
tunic,1
turn,1
turned,1
turq,1
tweaking,1
twerp,1
twi,1
txt,1
type,1
u2013,1
ube,1
ubi,1
ulip,1
ulips,1
ultraluxury,1
ultrapremium,1
unc,1
uncomfortableultimately,1
undeniable,1
understoi,1
underwriting,1
undoubtedly,1
unfortunate,1
uninformed,1
unko,1
unlock,1
unmatched,1
unnecessary,1
unnecessaryboring,1
unparalleled,1
unsafeu,1
unsold,1
unveiling,1
upar,1
update,1
updated,1
updatepresenting,1
upgrade,1
upload,1
upset,1
urbane,1
urgently,1
us5,1
usa,1
usabrit,1
usbased,1
usd,1
useless,1
usheres,1
ushome,1
ussi,1
utilising,1
utsav,1
vacancies,1
vacant,1
vacate,1
vacation,1
vacationsand,1
vaishnavi,1
valid,1
values,1
valve,1
vandalised,1
vanilla,1
vanishes,1
variety,1
vatican,1
vendor,1
venture,1
venue,1
verdant,1
veterans,1
vgn,1
vi,1
vide,1
videos,1
vigil,1
vikas,1
vilas,1
vill,1
village,1
villages,1
villasboas,1
vills,1
vip,1
virgin,1
virtual,1
vis,1
visa,1
visible,1
visiting,1
vivek,1
vizag,1
vo,1
voice,1
voices,1
volu,1
vote,1
voter,1
voters,1
vtp,1
vymo,1
wading,1
wafa,1
wages,1
wahan,1
waived,1
waivercrop,1
waivers,1
wajh,1
wakad,1
wakadone,1
wallet,1
wapas,1
warehouse,1
warm,1
warranty,1
wars,1
washout,1
washrooms,1
wat,1
watc,1
watched,1
watchin,1
waves,1
waving,1
wayfind,1
wayreceive,1
wdtt,1
wea,1
weakening,1
wearables,1
webinar,1
weekendsfor,1
welcomes,1
wellstill,1
werewolf,1
western,1
westpanchsheel,1
whammy,1
wheel,1
whi,1
whn,1
whoa,1
wholehearted,1
whsa,1
wht,1
widecoverage,1
wifi,1
wild,1
wildfires,1
window,1
winne,1
winners,1
winni,1
wins,1
winter,1
winters,1
wiped,1
wire,1
wishing,1
withdrawn,1
wives,1
wo,1
wolf,1
wom,1
woman,1
woof,1
wor,1
wordpress,1
work1still,1
worked,1
workfood,1
workshop,1
worldclass,1
worldhome,1
worldwide,1
worry,1
worryi,1
worse,1
worthless,1
woul,1
writing,1
wrong,1
wrongly,1
wrost,1
wth,1
wto,1
wud,1
wynn,1
xyz,1
yaar,1
yacht,1
yachtnext,1
yahi,1
yard,1
yards,1
yash,1
yearn,1
yest,1
yesterday,1
yesterdays,1
yield,1
yojna,1
youll,1
younger,1
youth,1
yr,1
ys,1
ysrcp,1
zariwala,1
zebra,1
zerohours,1
zicom,1
zipcash,1
zyada,1
